tld,registration,renewal,registrar_count
ab.ca,9.19,9.19,1
abogado,41.14,48.05,9
ac,47.3,73.46,13
academy,24.91,55.03,15
accountant,30.14,33.44,15
accountants,94.97,136.35,15
actor,31.56,52.78,16
ad,26.25,34.05,5
adult,103.41,145.81,11
ae,52.07,79.93,5
aero,58.16,82.32,3
af,104.99,127.99,1
africa,20.53,31.89,6
ag,89.49,118.9,10
agency,12.8,36.29,15
ai,100.38,111.5,14
airforce,99.41,112.37,15
al,218.5,356.99,2
alsace,52.24,80.99,4
am,72.93,86.11,7
amsterdam,56.59,68.39,6
ao,379.99,459.99,1
apartments,49.07,69.79,16
app,12.29,22.03,15
aq,137.0,207.74,2
ar,133.0,215.99,2
archi,55.82,120.36,15
army,29.47,45.95,15
art,9.82,29.72,14
as,70.08,100.26,5
asia,10.21,19.82,14
associates,30.05,46.73,16
at,18.32,22.47,10
attorney,65.47,72.97,16
au,18.65,29.35,5
auction,30.62,44.61,16
audio,146.91,160.31,15
auto,2332.08,2817.07,13
autos,6.36,20.19,12
aw,240.49,252.99,1
ax,150.25,226.49,2
az,437.5,657.74,2
ba,139.65,246.49,2
baby,34.57,79.91,14
band,27.01,37.09,16
bank,900.1,1299.49,2
bar,29.22,78.42,15
barcelona,48.97,58.99,9
bargains,25.89,36.78,16
basketball,56.08,80.22,4
bayern,44.43,51.52,9
bb,161.49,194.99,1
bc.ca,9.19,9.19,1
bd,98.75,154.98,2
be,11.08,18.65,7
beauty,7.02,19.79,13
beer,17.11,40.29,14
berlin,71.86,79.7,9
best,27.89,38.21,14
bet,18.95,32.04,13
bf,232.19,305.99,2
bg,138.25,227.99,2
bh,233.84,374.25,3
bi,69.11,101.1,3
bible,54.42,73.56,5
bid,22.02,27.12,14
bike,26.44,46.89,16
bingo,44.04,64.89,15
bio,24.38,88.56,14
biz,12.62,26.89,15
bj,202.25,307.49,2
black,44.57,77.1,16
blackfriday,143.16,159.5,11
blog,10.86,32.26,15
blue,23.72,29.74,16
bm,205.28,287.49,2
bn,2248.48,2248.48,2
bo,311.5,473.24,2
boats,8.56,20.19,13
bond,13.3,31.17,11
boo,14.53,17.29,13
boston,24.18,27.46,13
bot,72.83,82.16,10
boutique,19.62,40.17,16
br,155.0,271.98,1
broker,19.23,41.13,9
brussels,44.51,61.47,5
bs,333.5,366.74,2
bt,239.0,367.49,2
build,49.45,56.2,13
builders,28.13,42.19,16
business,13.76,24.82,16
buzz,15.3,41.64,13
bw,166.75,319.98,1
by,105.0,178.74,2
bz,22.32,27.32,10
bzh,67.32,86.57,6
ca,12.83,17.28,14
cab,31.64,39.77,16
cafe,24.28,59.31,16
cam,13.63,23.77,12
camera,49.66,70.47,16
camp,48.49,72.11,16
capetown,24.27,26.74,5
capital,40.17,83.86,16
car,2332.08,2771.23,13
cards,31.5,46.22,16
care,28.76,51.81,16
career,113.77,161.79,3
careers,50.84,83.09,16
cars,2332.08,2817.07,13
casa,10.13,18.25,14
case,2268.22,2609.48,5
cash,26.88,46.06,16
casino,76.79,186.21,15
cat,24.23,39.1,9
catering,41.81,46.56,16
cc,13.16,19.44,15
center,16.35,37.67,16
ceo,50.43,120.48,16
cf,24.35,55.98,1
cfd,14.21,30.99,10
cg,580.75,810.99,2
ch,13.61,18.71,9
channel,15.99,17.04,11
charity,23.41,35.44,13
chat,26.54,51.95,16
cheap,23.84,43.64,16
christmas,35.76,51.89,16
church,28.55,65.31,16
ci,202.25,336.99,2
city,18.16,34.24,16
ck,293.0,468.8,1
cl,56.0,78.88,7
claims,40.62,75.63,16
cleaning,76.15,86.26,16
click,4.21,16.9,13
clinic,40.44,77.26,16
clothing,30.62,40.15,16
cloud,10.35,30.44,15
club,9.85,22.74,15
cm,124.87,161.11,4
cn,16.19,22.26,5
co,16.76,41.94,15
co.nz,15.6,15.6,1
co.uk,5.3,5.3,1
coach,38.94,88.45,16
codes,37.59,80.79,16
coffee,26.28,49.56,16
college,39.2,79.2,16
cologne,38.93,60.71,5
com,12.13,17.92,15
com.ai,80.0,80.0,1
com.co,10.0,10.0,1
com.mx,16.75,16.75,1
community,33.93,53.36,16
company,15.97,25.67,15
compare,33.67,40.02,8
computer,33.59,46.22,16
condos,62.44,68.74,16
construction,33.84,46.36,16
consulting,35.47,61.77,16
contact,15.45,17.92,14
contractors,30.38,42.2,16
cooking,36.95,39.68,14
cool,26.25,52.48,16
coop,95.83,129.32,3
corsica,47.36,59.61,4
country,2419.68,2523.52,13
coupons,30.41,64.74,16
courses,19.35,47.11,13
cr,176.25,277.49,2
credit,54.35,124.22,15
creditcard,114.38,182.95,16
creditunion,167.99,187.99,1
cricket,36.76,42.17,14
cruises,45.73,65.98,16
cu,1320.0,2087.98,1
cv,32.75,53.1,7
cw,223.69,253.99,2
cx,46.95,56.35,8
cy,184.5,300.99,2
cymru,18.33,22.35,10
cyou,15.58,31.65,9
cz,21.31,26.19,6
dad,14.54,17.41,13
dance,22.34,33.06,16
date,20.58,26.07,14
dating,42.54,77.06,16
day,14.91,17.29,13
de,7.44,11.94,14
deal,42.54,45.04,8
dealer,1305.54,2611.14,12
deals,32.25,46.82,16
degree,44.14,60.81,16
delivery,32.16,74.44,15
democrat,23.36,39.74,16
dental,78.66,88.88,16
dentist,64.8,75.36,16
desi,22.37,24.41,6
design,35.89,67.01,15
dev,11.92,19.38,15
diamonds,59.67,67.14,16
diet,147.1,162.96,16
digital,13.7,49.03,15
direct,30.09,48.88,16
directory,17.18,32.36,16
discount,26.12,37.21,16
diy,21.78,47.44,12
dj,95.25,152.98,2
dk,21.11,28.4,6
dm,322.5,469.99,2
do,164.5,272.49,2
doctor,55.4,134.68,15
dog,34.74,77.13,16
domains,37.25,50.83,16
dot,59.99,69.99,1
download,21.04,26.2,15
durban,25.27,27.99,5
dz,205.0,325.3,2
earth,23.79,26.91,13
eat,21.99,27.99,1
ec,84.8,126.42,4
eco,80.14,100.79,10
education,34.45,40.4,16
ee,54.73,89.98,2
eg,442.25,638.49,2
email,13.25,36.76,15
energy,54.43,136.2,16
engineer,34.53,47.22,16
engineering,41.17,77.07,15
enterprises,21.38,42.39,16
equipment,26.38,33.94,16
es,16.68,22.79,8
esq,27.82,32.97,13
estate,26.63,46.26,16
et,280.12,426.49,2
eu,7.63,12.36,13
eus,75.38,84.54,5
events,26.45,52.69,16
exchange,25.05,46.29,16
expert,37.24,74.57,16
exposed,23.79,26.25,16
express,27.71,47.19,16
fail,34.14,46.03,16
faith,24.71,28.95,15
family,26.52,43.09,16
fan,44.09,64.42,12
fans,25.17,28.89,15
farm,25.78,46.29,16
fashion,34.4,38.76,16
fast,33.54,37.21,9
feedback,132.66,375.52,12
fi,46.27,56.6,3
film,92.51,112.25,9
finance,38.82,77.26,16
financial,42.73,70.14,16
fish,37.62,52.75,16
fishing,36.33,38.87,15
fit,17.8,38.67,15
fitness,21.37,49.09,16
fj,390.0,655.98,1
flights,50.85,69.04,16
florist,28.46,39.1,16
flowers,144.59,162.94,16
fly,21.99,27.99,1
fm,94.61,116.94,14
fo,140.6,200.4,5
foo,15.31,17.58,13
food,18.86,46.99,12
football,24.58,30.95,16
forex,37.65,105.14,9
forsale,28.16,44.31,16
forum,15.68,44.87,13
foundation,24.15,35.08,16
fr,14.09,19.46,8
free,45.37,46.81,9
frl,44.95,62.17,4
fun,8.01,42.43,15
fund,41.4,82.19,16
furniture,57.95,116.01,16
futbol,13.01,20.1,16
fyi,13.17,18.08,15
ga,25.54,55.98,1
gal,76.62,134.98,2
gallery,30.65,34.24,16
game,382.02,446.71,16
games,20.13,38.92,15
garden,20.45,38.63,15
gay,29.23,47.95,14
gd,35.93,50.3,4
gdn,13.16,20.53,4
ge,54.89,97.98,2
geek.nz,15.6,15.6,1
gent,39.78,54.99,3
gf,257.0,391.99,2
gg,82.07,98.65,12
gh,189.75,415.98,1
gi,171.25,276.24,2
gift,22.63,27.38,9
gifts,32.55,44.24,16
gives,23.89,35.09,15
giving,20.4,36.04,11
gl,54.3,80.89,3
glass,73.48,84.63,16
global,59.76,110.06,15
gm,124.0,193.99,2
gmbh,43.34,51.97,16
gn,184.5,263.99,2
gold,55.53,122.21,16
golf,36.05,77.0,16
gop,99.0,99.0,1
gp,245.25,374.99,2
gq,31.36,63.98,1
gr,16.66,22.51,3
graphics,24.33,28.12,16
gratis,25.61,28.22,16
green,48.01,95.24,16
gripe,17.86,20.54,16
group,19.38,30.48,15
gs,53.62,69.99,4
gt,199.0,314.99,2
guide,34.23,49.33,16
guitars,147.1,162.16,16
guru,23.22,49.85,16
gw,58.95,83.31,2
gy,40.99,55.99,3
hair,8.31,19.79,14
hamburg,68.97,87.64,7
haus,26.66,40.45,16
health,45.89,94.41,14
healthcare,87.95,99.94,16
help,12.13,42.57,15
here,21.99,27.99,1
hiphop,37.54,43.77,12
hiv,207.8,239.36,9
hk,37.75,61.03,3
hm,169.0,287.98,1
hn,107.38,143.16,3
hockey,49.95,69.98,16
holdings,68.5,76.06,16
holiday,51.99,76.8,16
homes,6.36,20.19,12
horse,36.63,39.15,15
hospital,58.98,66.59,16
host,56.23,113.9,16
hosting,406.82,444.12,16
hot,57.41,58.96,9
house,33.05,51.74,16
how,29.27,32.72,13
hr,196.5,322.49,2
ht,114.75,186.49,2
hu,61.24,99.73,2
icu,13.91,28.59,12
id,50.77,72.83,10
ie,23.57,42.42,4
il,42.61,87.98,1
im,11.88,18.02,6
immo,28.81,42.4,16
immobilien,30.96,44.81,16
in,10.43,12.88,14
inc,1144.8,2610.02,14
industries,38.12,53.36,16
info,8.68,31.96,15
ing,15.35,17.76,11
ink,16.54,39.21,15
institute,19.51,32.59,16
insurance,862.18,1288.49,2
insure,56.85,84.67,16
international,21.18,36.39,16
investments,65.99,149.31,16
io,41.86,68.23,15
iq,311.62,468.49,2
ir,93.6,183.98,1
irish,20.14,29.21,16
is,185.66,286.98,3
ist,19.47,26.13,7
istanbul,23.84,32.57,6
it,13.03,20.79,7
je,80.52,98.26,7
jetzt,20.48,27.92,15
jewelry,53.87,75.93,16
jm,176.0,311.98,1
jo,427.5,595.99,2
jobs,141.38,179.04,6
joburg,24.27,26.74,5
jp,48.89,61.09,5
juegos,396.01,452.95,8
kaufen,22.3,36.91,15
ke,122.63,183.79,3
kg,182.75,279.99,2
kh,219.69,415.98,1
ki,1362.5,1813.49,2
kids,14.39,31.63,10
kim,18.05,28.13,16
kitchen,39.0,76.64,15
kiwi,34.6,40.11,10
kn,280.75,419.49,2
koeln,38.93,60.71,5
kr,49.21,77.32,3
krd,38.48,61.48,2
kred,28.57,30.23,3
kw,800.0,850.0,1
ky,116.33,167.32,3
kyoto,75.46,95.89,5
kz,119.84,193.49,2
la,35.63,44.39,11
land,29.22,47.49,16
lat,8.54,41.16,12
latino,23.52,25.32,5
law,116.92,133.88,13
lawyer,64.56,73.04,16
lb,247.08,471.98,1
lc,22.71,31.35,6
lease,48.09,66.65,16
legal,51.49,83.79,16
lgbt,45.62,90.6,16
li,13.06,18.43,8
life,12.96,44.23,15
lifestyle,19.1,47.19,11
lighting,20.42,28.26,16
limited,32.52,44.14,16
limo,47.7,65.14,16
link,9.32,13.54,14
live,11.13,38.91,15
living,17.6,47.9,12
lk,105.37,131.48,2
llc,25.51,51.58,13
loan,21.1,26.27,15
loans,68.78,135.96,15
locker,25.42,56.84,10
lol,13.08,39.2,15
london,33.56,49.8,14
lotto,1661.45,1700.95,6
love,15.21,35.4,14
lr,195.5,375.98,1
ls,262.25,391.99,2
lt,17.09,29.31,4
ltd,15.95,36.39,15
ltda,46.45,53.12,10
lu,31.16,47.99,3
luxe,21.56,25.22,11
luxury,73.48,87.94,12
lv,24.07,35.06,4
ly,118.39,194.49,2
ma,78.99,128.65,3
madrid,49.99,75.32,3
maison,49.42,67.92,15
makeup,7.02,19.79,13
management,22.01,31.08,16
market,47.32,52.61,16
marketing,22.57,48.99,16
markets,11.07,22.88,9
mb.ca,9.19,9.19,1
mba,28.76,46.29,16
mc,129.0,207.99,2
md,236.21,385.99,2
me,12.45,25.11,15
me.uk,5.3,5.3,1
med,136.78,201.06,5
media,18.06,52.86,15
melbourne,60.56,70.16,10
meme,14.99,17.43,10
memorial,56.47,63.05,15
men,20.44,26.24,15
menu,53.05,58.25,12
mg,163.5,230.99,2
miami,25.74,27.71,15
mk,90.3,143.98,2
ml,29.44,50.12,3
mm,190.64,359.98,1
mn,52.8,65.69,7
mo,163.25,228.53,2
mobi,25.02,57.88,15
mobile,23.48,24.04,9
moda,36.3,48.09,16
moe,19.83,22.49,11
moi,31.84,37.13,6
mom,17.06,41.9,15
money,26.18,41.82,16
monster,6.8,18.19,14
mortgage,51.4,72.37,16
moscow,39.99,54.99,1
motorcycles,6.36,20.19,12
mov,14.54,17.25,13
movie,194.15,384.53,15
mp,110.75,174.49,2
mq,271.5,406.99,2
mr,295.19,468.49,2
ms,82.43,110.65,3
mt,121.25,193.99,2
mu,78.59,101.69,5
museum,68.56,99.17,3
music,50.21,56.19,12
mv,265.99,318.99,1
mw,107.48,164.48,3
mx,43.39,56.02,13
my,12.31,40.46,10
mz,252.18,503.98,1
na,6579.99,8746.49,2
nagoya,23.47,25.43,11
name,12.42,16.22,11
navy,43.42,47.72,15
nb.ca,9.19,9.19,1
nc,176.25,254.05,2
ne,571.0,864.24,2
net,13.49,18.92,15
net.ai,80.0,80.0,1
net.co,15.0,15.0,1
net.nz,15.6,15.6,1
net.uk,5.3,5.3,1
network,15.17,40.4,15
new,493.14,533.36,12
news,20.55,39.01,15
nexus,14.54,17.08,13
nf,744.0,522.49,2
ng,108.0,161.87,4
ngo,22.32,28.48,8
ni,770.48,1078.99,2
ninja,22.07,36.53,16
nl,10.61,13.82,12
nl.ca,9.19,9.19,1
no,31.32,49.05,4
nom.co,15.0,15.0,1
now,44.48,46.81,9
np,195.0,335.98,1
nr,868.75,1251.99,2
nrw,57.36,67.82,6
ns.ca,9.19,9.19,1
nt.ca,9.19,9.19,1
nu,39.42,49.97,5
nu.ca,9.19,9.19,1
nyc,31.87,40.77,13
nz,26.2,32.04,7
observer,12.31,15.3,11
off.ai,80.0,80.0,1
okinawa,21.16,25.28,9
om,325.0,465.49,2
on.ca,9.19,9.19,1
one,15.48,29.7,13
ong,22.34,28.5,8
onl,12.73,29.11,10
online,6.41,42.06,15
ooo,30.51,35.89,8
org,9.19,18.25,15
org.ai,80.0,80.0,1
org.mx,15.15,15.15,1
org.nz,15.6,15.6,1
org.uk,5.3,5.3,1
organic,58.72,100.08,10
osaka,37.78,47.4,7
pa,201.25,301.74,2
page,14.01,16.82,15
paris,53.08,68.86,9
partners,45.45,82.99,16
parts,27.95,49.02,16
party,19.96,24.34,15
pe,72.89,94.49,5
pe.ca,9.19,9.19,1
pet,20.17,32.52,15
pf,246.4,479.98,1
pg,260.0,447.98,1
ph,72.14,84.05,9
pharmacy,999.0,1125.0,1
phd,27.75,32.97,13
photo,32.29,38.22,13
photography,18.57,41.71,16
photos,21.65,35.08,16
physio,102.89,105.99,5
pics,13.24,39.07,15
pictures,16.51,19.12,16
pink,20.75,30.77,15
pizza,41.29,75.5,15
pk,73.25,111.0,4
pl,17.16,33.03,7
place,25.24,29.09,14
plumbing,58.7,83.47,16
plus,29.39,62.44,16
pm,13.6,17.8,5
pn,178.41,238.4,3
poker,36.01,75.66,14
porn,109.57,146.62,11
post,274.99,274.99,1
pr,1139.6,1345.43,5
press,49.93,92.17,16
pro,8.51,32.43,15
productions,26.65,47.94,16
prof,27.75,32.92,13
promo,21.28,29.7,16
properties,27.23,45.96,16
property,76.49,165.81,14
protection,2309.09,2728.62,13
ps,102.78,175.98,2
pt,29.44,38.57,5
pub,42.47,47.42,16
pw,13.05,27.0,11
py,210.0,375.98,1
qa,42.34,72.98,2
qc.ca,9.19,9.19,1
qpon,22.65,38.35,8
quebec,38.57,44.43,8
quest,6.38,20.19,13
racing,24.47,28.66,15
radio,296.87,370.94,4
re,13.4,20.6,5
realestate,110.84,136.39,5
realty,175.4,363.14,11
recipes,40.6,88.38,16
red,18.89,27.99,16
rehab,31.51,43.69,15
reise,97.52,117.45,13
reisen,22.13,25.73,16
reit,1258.59,1493.73,3
ren,14.41,16.41,2
rent,39.2,79.2,16
rentals,27.74,51.81,16
repair,24.68,43.91,16
report,18.51,30.24,16
republican,20.37,38.97,16
rest,12.53,40.9,15
restaurant,40.61,76.46,16
review,24.41,28.5,15
reviews,46.55,68.77,16
rich,788.8,1780.48,7
rio,31.05,33.55,3
rip,20.87,28.49,16
ro,42.84,50.27,5
rocks,12.82,26.41,16
rodeo,22.18,21.99,14
rs,105.0,180.99,2
rsvp,14.13,15.23,12
rugby,53.94,76.66,3
ruhr,45.03,51.34,6
run,15.76,33.56,15
rw,424.16,575.99,3
ryukyu,22.5,27.81,7
sa,238.55,274.99,2
saarland,31.6,43.39,5
sale,23.3,46.16,16
salon,46.18,67.49,16
sarl,17.38,19.15,15
sb,75.55,110.98,2
sbs,14.24,30.89,10
sc,110.47,128.9,7
school,31.47,44.24,16
schule,26.15,33.29,15
science,24.2,27.23,15
scot,51.19,62.46,6
sd,231.5,355.99,2
se,35.55,42.66,6
security,2293.63,2740.31,13
select,33.19,40.02,8
services,23.78,46.9,15
sex,109.57,146.62,11
sexy,2873.43,3090.83,10
sg,59.75,77.61,4
sh,50.64,72.12,13
shiksha,26.94,59.11,13
shoes,49.07,76.33,16
shop,7.47,46.77,15
shopping,26.44,37.23,16
show,30.05,51.61,16
si,60.84,86.21,4
singles,23.94,41.05,16
site,6.5,38.87,15
sk,31.92,57.48,2
sk.ca,9.19,9.19,1
ski,49.77,75.46,16
skin,6.95,19.79,13
sl,185.0,293.99,2
sm,251.75,385.99,2
sn,105.75,193.99,2
so,73.75,102.36,4
soccer,24.62,30.55,16
social,20.65,48.98,16
software,31.21,49.08,16
solar,50.54,76.36,16
solutions,15.8,36.46,15
soy,26.49,30.19,13
spa,28.84,38.36,6
space,6.37,34.62,15
sport,443.13,641.99,2
spot,32.77,34.44,9
sr,220.77,361.49,2
srl,39.87,48.86,7
ss,269.99,269.99,1
st,31.23,46.28,3
storage,606.78,712.78,13
store,8.69,63.64,15
stream,20.43,25.49,15
studio,23.3,46.28,15
study,18.39,45.78,13
style,26.53,46.29,16
sucks,232.46,308.65,8
supplies,27.2,29.67,16
supply,27.66,30.98,16
support,16.67,32.46,16
surf,17.12,40.29,14
surgery,59.64,65.77,16
sv,161.0,248.99,2
swiss,155.27,236.99,2
sx,29.58,44.24,3
sy,715.0,1103.98,1
sydney,57.81,67.66,10
systems,26.03,40.96,16
taipei,20.91,29.84,4
talk,43.77,46.77,9
tattoo,27.64,47.47,12
tax,39.76,79.69,16
taxi,36.3,73.34,16
tc,130.0,196.99,2
td,308.37,463.99,2
team,17.57,44.4,15
tech,14.85,69.85,15
technology,18.6,34.14,16
tel,14.64,18.2,11
tennis,69.33,75.9,16
tf,13.6,20.8,5
tg,136.75,217.99,2
th,4981.49,6755.48,2
theater,55.33,76.56,16
theatre,598.7,690.86,13
tickets,428.77,516.6,12
tienda,49.59,70.68,16
tips,23.08,36.83,16
tires,64.87,107.87,15
tirol,59.19,84.66,4
tj,89.0,137.73,2
tk,260.0,447.98,1
tl,108.33,141.32,3
tm,540.21,615.21,4
tn,152.75,251.49,2
to,65.03,85.24,12
today,14.9,33.7,15
tokyo,21.67,26.9,10
tools,24.89,44.61,16
top,7.27,11.33,13
tours,34.59,71.67,16
town,24.03,44.31,16
toys,39.28,76.43,16
tr,93.33,90.32,3
trade,20.84,25.56,15
trading,19.64,24.84,9
training,27.21,49.55,16
travel,41.32,169.56,11
trust,9.56,9.56,1
tt,381.72,460.85,2
tube,31.59,36.26,11
tv,32.42,36.96,15
tw,25.91,27.66,6
tz,93.2,154.99,2
ua,144.25,217.49,2
ug,78.0,122.48,2
uk,7.45,10.55,14
university,52.3,74.01,16
uno,20.52,31.91,16
us,7.96,13.1,15
uy,108.15,177.49,2
uz,135.74,240.49,2
vacations,32.95,46.62,16
vana,2539.66,2823.94,7
vc,40.82,47.77,11
ve,98.0,175.98,1
vegas,42.59,69.63,12
ventures,36.87,71.75,16
versicherung,243.48,268.73,2
vet,44.27,49.6,16
vg,37.74,51.37,4
vi,352.5,464.49,2
viajes,50.56,55.41,16
video,24.27,43.97,16
villas,51.21,70.25,16
vin,34.41,73.09,15
vip,13.77,20.8,15
vision,33.8,52.42,16
vlaanderen,44.91,57.27,5
vn,118.0,162.99,2
vodka,36.63,39.15,15
vote,62.52,105.1,16
voting,1371.86,1477.2,6
voto,38.42,87.11,12
voyage,48.31,69.44,16
vu,48.09,125.0,5
wales,17.1,21.56,9
wang,9.05,17.31,4
watch,24.0,51.64,16
watches,216.18,422.73,9
webcam,23.5,26.3,15
website,7.77,28.71,15
wedding,34.96,38.79,15
wf,13.6,20.8,5
whoswho,5684.14,6735.33,3
wien,51.94,69.1,4
wiki,16.7,40.47,15
win,19.04,26.27,14
wine,34.46,70.75,16
work,8.75,16.2,15
works,19.97,46.42,16
world,16.83,49.24,15
ws,26.79,37.15,12
wtf,18.99,43.81,16
xin,15.71,24.16,3
xn--1ck2e1b,20.99,27.99,1
xn--1qqw23a,26.49,32.99,1
xn--2scrj9c,10.4,15.98,1
xn--3bst00m,829.49,999.99,1
xn--3ds443g,215.05,263.43,5
xn--3e0b707e,94.49,127.99,1
xn--3hcrj9c,10.4,15.98,1
xn--45br5cyl,10.4,15.98,1
xn--45brj9c,8.61,11.39,2
xn--45q11c,314.84,451.99,2
xn--4dbrk0ce,115.0,231.98,1
xn--4gbrim,50.49,60.99,1
xn--55qx5d,32.47,56.09,3
xn--5tzm5g,14.82,21.34,5
xn--6frz82g,18.58,23.84,7
xn--6qq986b3xl,39.59,70.48,2
xn--80ao21a,199.49,253.99,1
xn--80asehdb,40.66,50.24,4
xn--80aswg,40.66,50.24,4
xn--90a3ac,83.99,99.99,1
xn--90ae,182.0,311.98,1
xn--90ais,30.05,51.48,2
xn--9dbq2a,31.07,44.05,4
xn--bck1b9a5dre4c,52.49,52.49,1
xn--c1avg,13.58,19.9,3
xn--cck2b3b,31.49,38.99,1
xn--clchc0ea0b2g2a9gcd,94.49,111.99,1
xn--czr694b,449.44,594.99,2
xn--czrs0t,47.95,59.47,6
xn--czru2d,1276.21,1072.99,2
xn--d1alf,62.99,71.99,1
xn--e1a4c,9.65,16.34,4
xn--fct429k,31.49,38.99,1
xn--fiq228c5hs,407.8,377.43,4
xn--fiqs8s,25.93,58.48,2
xn--fiqz9s,52.49,60.99,1
xn--fjq720a,88.61,113.19,6
xn--fpcrj9c3d,8.61,11.39,2
xn--fzc2c9e2c,62.99,77.99,1
xn--g2xx48c,391.75,540.99,2
xn--gckr3f0f,31.49,38.99,1
xn--gecrj9c,8.61,11.39,2
xn--h2breg3eve,10.4,15.98,1
xn--h2brj9c,14.4,20.93,3
xn--h2brj9c8c,10.4,15.98,1
xn--hxt814e,314.84,451.99,2
xn--i1b6b1a6a2e,13.58,19.9,3
xn--imr513n,358.3,647.98,1
xn--io0a7i,32.49,56.09,3
xn--j1amh,27.99,36.99,1
xn--j6w193g,34.24,50.7,3
xn--jvr189m,20.99,25.99,1
xn--kprw13d,40.99,49.99,1
xn--kpry57d,31.64,48.98,2
xn--mgbaam7a8h,94.49,127.99,1
xn--mgbab2bd,22.36,25.11,2
xn--mgbah1a3hjkrd,157.49,176.99,1
xn--mgbayh7gpa,314.99,362.5,1
xn--mgbbh1a,10.4,15.98,1
xn--mgbbh1a71e,8.61,11.39,2
xn--mgbcpq6gpa1a,99.99,115.99,1
xn--mgberp4a5d4ar,209.99,242.99,1
xn--mgbgu82a,10.4,15.98,1
xn--mk1bu44c,13.34,20.2,4
xn--ngbc5azd,17.08,18.41,3
xn--nqv7f,13.58,19.9,3
xn--nyqy26a,2657.6,3233.49,2
xn--o3cw4h,78.99,99.99,1
xn--otu796d,358.3,647.98,1
xn--p1acf,10.92,10.92,1
xn--pgbs0dh,40.99,49.99,1
xn--q9jyb4c,10.8,14.52,6
xn--qxa6a,8.29,19.18,2
xn--qxam,22.49,27.0,1
xn--rhqv96g,33.86,53.4,3
xn--rovu88b,52.49,52.49,1
xn--rvc1e0am3e,10.4,15.98,1
xn--s9brj9c,8.61,11.39,2
xn--ses554g,257.77,375.49,2
xn--t60b56a,13.34,20.2,4
xn--tckwe,13.35,20.2,4
xn--unup4y,88.94,113.36,6
xn--vhquv,86.1,106.86,6
xn--vuq861b,36.99,44.99,1
xn--wgbh1c,94.49,109.99,1
xn--wgbl6a,47.49,54.99,1
xn--xhq521b,26.49,31.99,1
xn--xkc2al3hye2a,62.99,71.99,1
xn--xkc2dl3a5ee0h,8.61,11.39,2
xn--yfro4i67o,94.49,111.99,1
xn--ygbi2ammx,57.99,71.99,1
xxx,104.42,133.22,13
xyz,6.71,18.47,15
yachts,9.33,20.19,13
ye,237.13,455.98,1
yk.ca,9.19,9.19,1
yoga,36.3,38.94,15
yokohama,22.49,24.2,12
you,25.3,27.3,9
yt,13.6,20.8,5
yt.ca,9.19,9.19,1
za,9.28,31.98,1
zip,14.9,17.88,12
zm,74.7,143.98,1
zone,23.34,46.42,16
zuerich,106.28,170.49,2
zw,75.0,120.0,1
ελ,8.78,15.14,1
中国,5.34,14.06,1
